{
    "Bottle": {
        "Position": [
            4.0,
            0.0,
            3.0
        ],
        "Scale": [
            7.0,
            7.0,
            7.0
        ]
    },
    "Candle1": {
        "Position": [
            7.0,
            0.0,
            3.0
        ],
        "Scale": [
            10.0,
            8.0,
            10.0
        ]
    },
    "Candle2": {
        "Position": [
            7.0,
            0.0,
            3.0
        ],
        "Scale": [
            10.0,
            8.0,
            10.0
        ]
    },
    "Candle3": {
        "Position": [
            7.0,
            0.0,
            3.0
        ],
        "Scale": [
            10.0,
            8.0,
            10.0
        ]
    },
    "CandleLight": {
        "Ambient": [
            1.0,
            1.0,
            1.0,
            1.0
        ],
        "Attenuation": [
            1.7000000476837158,
            0.0,
            0.0
        ],
        "Diffuse": [
            0.9460784196853638,
            0.41738754510879517,
            0.0,
            1.0
        ],
        "Direction": [
            0.0,
            1.0,
            0.0
        ],
        "Position": [
            7.0,
            2.0,
            4.099999904632568
        ],
        "Range": [
            23.520999908447266
        ]
    },
    "EnvironmentLight": {
        "Ambient": [
            1.0,
            1.0,
            1.0,
            1.0
        ],
        "Diffuse": [
            0.21568626165390015,
            0.21568626165390015,
            0.21568626165390015,
            1.0
        ],
        "Direction": [
            0.0,
            0.0,
            0.0
        ],
        "Position": [
            0.0,
            10.0,
            2.0
        ]
    },
    "FryingStand": {
        "Position": [
            0.0,
            0.0,
            0.0
        ],
        "Scale": [
            5.0,
            5.0,
            5.0
        ]
    },
    "Jug": {
        "Position": [
            -5.0,
            0.0,
            4.0
        ],
        "Scale": [
            12.0,
            12.0,
            12.0
        ]
    },
    "Pot": {
        "Position": [
            0.0,
            0.8999999761581421,
            0.0
        ],
        "Scale": [
            7.0,
            7.0,
            7.0
        ]
    },
    "RedBook": {
        "Position": [
            -5.0,
            -0.11999999731779099,
            0.0
        ],
        "Scale": [
            0.5,
            0.5,
            0.5
        ]
    },
    "water": {
        "Duration": [
            3.0
        ],
        "Material": {
            "Ambient": [
                0.800000011920929,
                0.800000011920929,
                0.800000011920929,
                1.0
            ],
            "Diffuse": [
                0.7843137383460999,
                0.7843137383460999,
                0.7843137383460999,
                0.30000001192092896
            ],
            "Emission": [
                1.0,
                1.0,
                1.0,
                1.0
            ],
            "Specular": [
                0.800000011920929,
                0.800000011920929,
                0.800000011920929,
                32.0
            ]
        },
        "Position": [
            0.0,
            1.7100000381469727,
            0.0
        ],
        "Rotation": [
            0.0,
            0.0,
            0.0
        ],
        "Scale": [
            3.0,
            1.0,
            3.0
        ],
        "WaterParam": {
            "Boiling": {
                "Center": [
                    0.0,
                    0.0,
                    0.0
                ],
                "Frequency": [
                    2.0
                ],
                "MaxAmplitude": [
                    0.05000000074505806
                ],
                "MinAmplitude": [
                    0.0
                ],
                "Sigma": [
                    2.0
                ],
                "Speed": [
                    0.5
                ]
            },
            "Rippling": {
                "Center": [
                    0.0,
                    0.0,
                    0.0
                ],
                "Frequency": [
                    0.0
                ],
                "MaxAmplitude": [
                    0.0
                ],
                "MinAmplitude": [
                    0.0
                ],
                "Sigma": [
                    0.0
                ],
                "Speed": [
                    0.0
                ]
            },
            "Still": {
                "Center": [
                    0.0,
                    0.0,
                    0.0
                ],
                "Frequency": [
                    0.0
                ],
                "MaxAmplitude": [
                    0.0
                ],
                "MinAmplitude": [
                    0.0
                ],
                "Sigma": [
                    0.0
                ],
                "Speed": [
                    0.0
                ]
            },
            "Violent": {
                "Center": [
                    0.0,
                    0.0,
                    0.0
                ],
                "Frequency": [
                    0.0
                ],
                "MaxAmplitude": [
                    0.0
                ],
                "MinAmplitude": [
                    0.0
                ],
                "Sigma": [
                    0.0
                ],
                "Speed": [
                    0.0
                ]
            }
        }
    }
}