{
    "Player": {
        "Capacities": {
            "Blue": [
                9.42025375366211
            ],
            "Red": [
                9.42025375366211
            ],
            "Yellow": [
                9.42025375366211
            ]
        },
        "Day": [
            1
        ],
        "Gold": [
            600.0
        ],
        "WitchLevel": [
            1.0
        ]
    }
}