{
    "Player": {
        "Capacities": {
            "Blue": [
                58.66026306152344
            ],
            "Red": [
                44.76026916503906
            ],
            "Yellow": [
                38.64026641845703
            ]
        },
        "Day": [
            1
        ],
        "Gold": [
            18900.0
        ],
        "WitchLevel": [
            1.0
        ]
    }
}