{
    "Player": {
        "Capacities": {
            "Blue": [
                50.220272064208984
            ],
            "Red": [
                50.220272064208984
            ],
            "Yellow": [
                50.220272064208984
            ]
        },
        "Day": [
            1
        ],
        "Gold": [
            1400.0
        ],
        "WitchLevel": [
            1.0
        ]
    }
}