{
    "Player": {
        "Capacities": {
            "Blue": [
                79.46011352539063
            ],
            "Red": [
                66.20025634765625
            ],
            "Yellow": [
                65.520263671875
            ]
        },
        "Day": [
            1
        ],
        "Gold": [
            20000.0
        ],
        "WitchLevel": [
            1.0
        ]
    }
}