{
    "Player": {
        "Capacities": {
            "Blue": [
                73.68017578125
            ],
            "Red": [
                73.68017578125
            ],
            "Yellow": [
                73.68017578125
            ]
        },
        "Day": [
            1
        ],
        "Gold": [
            0.0
        ],
        "WitchLevel": [
            1.0
        ]
    }
}