{
    "Player": {
        "Capacities": {
            "Blue": [
                42.06026840209961
            ],
            "Red": [
                34.240264892578125
            ],
            "Yellow": [
                26.76026153564453
            ]
        },
        "Day": [
            1
        ],
        "Gold": [
            20300.0
        ],
        "WitchLevel": [
            1.0
        ]
    }
}