{
    "Player": {
        "Capacities": {
            "Blue": [
                82.52008056640625
            ],
            "Red": [
                82.52008056640625
            ],
            "Yellow": [
                82.52008056640625
            ]
        },
        "Day": [
            1
        ],
        "Gold": [
            0.0
        ],
        "WitchLevel": [
            1.0
        ]
    }
}