{
    "DefaultCamera": {
        "Position": [
            0.0,
            11.119999885559082,
            -4.699999809265137
        ],
        "Rotation": [
            1.1623890399932861,
            0.0,
            0.0
        ]
    }
}