{
    "Bottle": {
        "Position": [
            4.0,
            0.0,
            4.0
        ],
        "Rotation": [
            0.0,
            0.0,
            0.0
        ],
        "Scale": [
            7.0,
            7.0,
            7.0
        ]
    },
    "Candle1": {
        "Position": [
            9.0,
            0.0,
            4.5
        ],
        "Rotation": [
            0.0,
            0.0,
            0.0
        ],
        "Scale": [
            10.0,
            15.0,
            10.0
        ]
    },
    "Candle2": {
        "Position": [
            8.5,
            0.0,
            4.0
        ],
        "Rotation": [
            0.0,
            0.0,
            0.0
        ],
        "Scale": [
            10.0,
            8.0,
            10.0
        ]
    },
    "Candle3": {
        "Position": [
            8.199999809265137,
            0.0,
            4.5
        ],
        "Rotation": [
            0.0,
            0.0,
            0.0
        ],
        "Scale": [
            10.0,
            6.0,
            10.0
        ]
    },
    "CandleLight": {
        "Ambient": [
            1.0,
            1.0,
            1.0,
            1.0
        ],
        "Attenuation": [
            1.7000000476837158,
            0.0,
            0.0
        ],
        "CastHeight": [
            3.9000000953674316
        ],
        "Diffuse": [
            0.9460784196853638,
            0.41738754510879517,
            0.0,
            1.0
        ],
        "Direction": [
            0.0,
            1.0,
            0.0
        ],
        "Position": [
            9.199999809265137,
            2.6500000953674316,
            4.5
        ],
        "Range": [
            23.520999908447266
        ]
    },
    "EnvironmentLight": {
        "Ambient": [
            1.0,
            1.0,
            1.0,
            1.0
        ],
        "Diffuse": [
            0.36274510622024536,
            0.36274510622024536,
            0.36274510622024536,
            1.0
        ],
        "Direction": [
            0.0,
            0.0,
            0.0
        ],
        "Position": [
            0.0,
            10.0,
            2.0
        ]
    },
    "FryingStand": {
        "Position": [
            0.0,
            0.0,
            0.0
        ],
        "Rotation": [
            0.0,
            0.0,
            0.0
        ],
        "Scale": [
            5.0,
            5.0,
            5.0
        ]
    },
    "GoldBar": {
        "AnchorAlign": [
            2
        ],
        "AnchorPosition": [
            930.0,
            490.0
        ],
        "ContainerSize": [
            300.0,
            200.0
        ],
        "Context": "1400",
        "FontBlockWidth": [
            300.0
        ],
        "FontColor": [
            0.9411765336990356,
            1.0,
            0.0,
            1.0
        ],
        "FontSize": [
            30.0
        ],
        "IsUseText": [
            1
        ],
        "LineSpacing": [
            0.0
        ],
        "Material": {
            "Ambient": [
                1.0,
                1.0,
                1.0,
                1.0
            ],
            "Diffuse": [
                1.0,
                1.0,
                1.0,
                0.0
            ],
            "Emission": [
                0.0,
                0.0,
                0.0,
                0.0
            ],
            "Specular": [
                1.0,
                0.5,
                0.5,
                0.20000000298023224
            ]
        },
        "Outline": [
            0.0
        ],
        "OutlineColor": [
            1.0,
            1.0,
            1.0,
            1.0
        ],
        "Padding": [
            0.0,
            0.0,
            0.0,
            0.0
        ],
        "Position": [
            780.0,
            390.0,
            2.0
        ],
        "Rotation": [
            0.0,
            0.0,
            0.0
        ],
        "TextAlign": [
            2
        ]
    },
    "Jug": {
        "Position": [
            1.2000000476837158,
            0.0,
            4.0
        ],
        "Rotation": [
            0.0,
            0.0,
            0.0
        ],
        "Scale": [
            12.0,
            12.0,
            12.0
        ]
    },
    "Pot": {
        "Position": [
            0.0,
            0.8999999761581421,
            0.0
        ],
        "Rotation": [
            0.0,
            0.0,
            0.0
        ],
        "Scale": [
            7.0,
            7.0,
            7.0
        ]
    },
    "RedBook": {
        "Position": [
            -5.0,
            -0.11999999731779099,
            0.0
        ],
        "Rotation": [
            0.0,
            -1.4159274101257324,
            0.0
        ],
        "Scale": [
            0.5,
            0.5,
            0.5
        ]
    },
    "Wall": {
        "Position": [
            0.0,
            0.0,
            20.0
        ],
        "Rotation": [
            -1.5707963705062866,
            0.0,
            0.0
        ],
        "Scale": [
            45.0,
            1.0,
            40.0
        ]
    },
    "water": {
        "Duration": [
            2.622999906539917
        ],
        "Material": {
            "Ambient": [
                0.5441176891326904,
                0.5441176891326904,
                0.5441176891326904,
                1.0
            ],
            "Diffuse": [
                0.779411792755127,
                0.779411792755127,
                0.779411792755127,
                0.30000001192092896
            ],
            "Emission": [
                0.0,
                0.0,
                0.0,
                1.0
            ],
            "Specular": [
                1.0,
                1.0,
                1.0,
                32.0
            ]
        },
        "Position": [
            0.0,
            1.7100000381469727,
            0.0
        ],
        "Rotation": [
            0.0,
            0.0,
            0.0
        ],
        "Scale": [
            3.0,
            1.0,
            3.0
        ],
        "WaterParam": {
            "Boiling": {
                "Center": [
                    0.0,
                    0.0,
                    0.0
                ],
                "Frequency": [
                    0.800000011920929
                ],
                "MaxAmplitude": [
                    0.09000000357627869
                ],
                "MinAmplitude": [
                    0.0
                ],
                "Sigma": [
                    2.0
                ],
                "Speed": [
                    1.0
                ]
            },
            "Rippling": {
                "Center": [
                    0.0,
                    0.0,
                    0.0
                ],
                "Frequency": [
                    0.0
                ],
                "MaxAmplitude": [
                    0.0
                ],
                "MinAmplitude": [
                    0.0
                ],
                "Sigma": [
                    0.0
                ],
                "Speed": [
                    0.0
                ]
            },
            "Still": {
                "Center": [
                    0.0,
                    0.0,
                    0.0
                ],
                "Frequency": [
                    0.0
                ],
                "MaxAmplitude": [
                    0.0
                ],
                "MinAmplitude": [
                    0.0
                ],
                "Sigma": [
                    0.0
                ],
                "Speed": [
                    0.0
                ]
            },
            "Violent": {
                "Center": [
                    0.0,
                    0.0,
                    0.0
                ],