{
    "Background": {
        "Diffuse": [
            1.0,
            1.0,
            1.0,
            0.4000000059604645
        ],
        "Position": [
            0.0,
            0.0,
            2.799999952316284
        ],
        "Rotation": [
            0.0,
            0.0,
            0.0
        ],
        "Scale": [
            2000.0,
            2000.0,
            1.0
        ]
    },
    "ColorSample": {
        "FontColor": [
            1.0,
            1.0,
            1.0,
            1.0
        ],
        "FontSize": 1,
        "Graphic": {
            "BaseColor": [
                0.0,
                0.5,
                0.0,
                1.0
            ],
            "OutlineColor": [
                0.0,
                0.0,
                0.0,
                1.0
            ],
            "OutlineWeight": [
                4.0
            ],
            "Position": [
                -380.0,
                150.0
            ],
            "RadiusX": [
                30.0
            ],
            "RadiusY": [
                30.0
            ],
            "Scale": [
                200.0,
                400.0
            ]
        },
        "Padding": [
            0.0,
            0.0,
            0.0,
            0.0
        ],
        "Position": [
            -380.0,
            150.0
        ],
        "Scale": [
            200.0,
            400.0
        ],
        "Text": "",
        "TextAlignment": 0
    },
    "MissionContent": {
        "FontColor": [
            0.0,
            0.0,
            0.0,
            1.0
        ],
        "FontSize": 2,
        "Graphic": {
            "BaseColor": [
                1.0,
                1.0,
                1.0,
                1.0
            ],
            "OutlineColor": [
                1.0,
                1.0,
                1.0,
                1.0
            ],
            "OutlineWeight": [
                1.0
            ],
            "Position": [
                400.0,
                260.0
            ],
            "RadiusX": [
                1.0
            ],
            "RadiusY": [
                1.0
            ],
            "Scale": [
                1000.0,
                100.0
            ]
        },
        "Padding": [
            0.0,
            5.0,
            0.0,
            0.0
        ],
        "Position": [
            400.0,
            260.0
        ],
        "Scale": [
            1000.0,
            100.0
        ],
        "Text": "Make Life Potion!",
        "TextAlignment": 0
    },
    "MissionName": {
        "FontColor": [
            0.0,
            0.0,
            0.0,
            1.0
        ],
        "FontSize": 3,
        "Graphic": {
            "BaseColor": [
                1.0,
                1.0,
                1.0,
                1.0
            ],
            "OutlineColor": [
                1.0,
                1.0,
                1.0,
                1.0
            ],
            "OutlineWeight": [
                1.0
            ],
            "Position": [
                360.0,
                360.0
            ],
            "RadiusX": [
                1.0
            ],
            "RadiusY": [
                1.0
            ],
            "Scale": [
                1000.0,
                100.0
            ]
        },
        "Padding": [
            0.0,
            1.0,
            0.0,
            0.0
        ],
        "Position": [
            360.0,
            360.0
        ],
        "Scale": [
            1000.0,
            100.0
        ],
        "Text": "FirstMission",
        "TextAlignment": 0
    },
    "MissionOwner": {
        "Diffuse": [
            1.0,
            1.0,
            1.0,
            1.0
        ],
        "Position": [
            440.0,
            -140.0,
            2.5999999046325684
        ],
        "Rotation": [
            0.0,
            0.0,
            0.0
        ],
        "Scale": [
            240.0,
            267.0,
            1.0
        ]
    },
    "MissionOwnerName": {
        "FontColor": [
            0.0,
            0.0,
            0.0,
            1.0
        ],
        "FontSize": 3,
        "Graphic": {
            "BaseColor": [
                1.0,
                1.0,
                1.0,
                1.0
            ],
            "OutlineColor": [
                1.0,
                1.0,
                1.0,
                1.0
            ],
            "OutlineWeight": [
                1.0
            ],
            "Position": [
                330.0,
                140.0
            ],
            "RadiusX": [
                1.0
            ],
            "RadiusY": [
                1.0
            ],
            "Scale": [
                1000.0,
                100.0
            ]
        },
        "Padding": [
            0.0,
            0.0,
            0.0,
            0.0
        ],
        "Position": [
            330.0,
            140.0
        ],
        "Scale": [
            1000.0,
            100.0
        ],
        "Text": "依頼人",
        "TextAlignment": 0
    },
    "MissionOwnerNameContent": {
        "FontColor": [
            0.0,
            0.0,
            0.0,
            1.0
        ],
        "FontSize": 2,
        "Graphic": {
            "BaseColor": [
                1.0,
                1.0,
                1.0,
                1.0
            ],
            "OutlineColor": [
                1.0,
                1.0,
                1.0,
                1.0
            ],
            "OutlineWeight": [
                1.0
            ],
            "Position": [
                370.0,
                40.0
            ],
            "RadiusX": [
                1.0
            ],
            "RadiusY": [
                1.0
            ],
            "Scale": [
                1000.0,
                100.0
            ]
        },
        "Padding": [
            0.0,
            0.0,
            0.0,
            0.0
        ],
        "Position": [
            370.0,
            40.0
        ],
        "Scale": [
            1000.0,
            100.0
        ],
        "Text": "WitchA",
        "TextAlignment": 0
    },
    "MissionReward": {
        "FontColor": [
            0.0,
            0.0,
            0.0,
            1.0
        ],
        "FontSize": 3,
        "Graphic": {
            "BaseColor": [
                1.0,
                1.0,
                1.0,
                1.0
            ],
            "OutlineColor": [
                1.0,
                1.0,
                1.0,
                1.0
            ],
            "OutlineWeight": [
                1.0
            ],
            "Position": [
                360.0,
                -80.0
            ],
            "RadiusX": [
                1.0
            ],
            "RadiusY": [
                1.0
            ],
            "Scale": [
                1000.0,
                100.0
            ]
        },
        "Padding": [
            0.0,
            0.0,
            0.0,
            0.0
        ],
        "Position": [
            360.0,
            -80.0
        ],
        "Scale": [
            1000.0,
            100.0
        ],
        "Text": "報酬",
        "TextAlignment": 0
    },
    "MissionRewardContent": {
        "FontColor": [
            0.0,
            0.0,
            0.0,
            0.9921568632125854
        ],
        "FontSize": 2,
        "Graphic": {
            "BaseColor": [
                1.0,
                1.0,
                1.0,
                1.0
            ],
            "OutlineColor": [
                1.0,
                1.0,
                1.0,
                1.0
            ],
            "OutlineWeight": [
                1.0
            ],
            "Position": [
                400.0,
                -180.0
            ],
            "RadiusX": [
                1.0
            ],