{
    "BluePotion": {
        "DefaultPos": [
            4.5,
            0.0,
            -2.0
        ],
        "Graphic": {
            "Position": [
                4.5,
                0.0,
                -2.0
            ],
            "Rotation": [
                0.0,
                0.0,
                0.0
            ],
            "Scale": [
                7.0,
                7.0,
                7.0
            ]
        },
        "PigmentColor": [
            0.0,
            0.0,
            0.5,
            0.0
        ]
    },
    "CandleLight1": {
        "Ambient": [
            1.0,
            1.0,
            1.0,
            1.0
        ],
        "Attenuation": [
            2.200000047683716,
            0.0,
            0.0
        ],
        "CastHeight": [
            8.0
        ],
        "Diffuse": [
            1.0,
            0.6176470518112183,
            0.0,
            1.0
        ],
        "Direction": [
            0.0,
            1.0,
            0.0
        ],
        "Position": [
            7.0,
            2.6500000953674316,
            -2.0
        ],
        "Range": [
            12.123000144958496
        ]
    },
    "CandleLight2": {
        "Ambient": [
            1.0,
            1.0,
            1.0,
            1.0
        ],
        "Attenuation": [
            2.299999952316284,
            0.0,
            0.0
        ],
        "CastHeight": [
            2.0
        ],
        "Diffuse": [
            1.0,
            0.6196078658103943,
            0.0,
            1.0
        ],
        "Direction": [
            0.0,
            1.0,
            0.0
        ],
        "Position": [
            -8.0,
            3.0,
            4.0
        ],
        "Range": [
            10.423999786376953
        ]
    },
    "Charge": {
        "AnchorAlign": [
            4
        ],
        "AnchorPosition": [
            0.0,
            -400.0
        ],
        "ContainerSize": [
            240.0,
            90.0
        ],
        "Context": "Charge",
        "FontBlockWidth": [
            300.0
        ],
        "FontColor": [
            1.0,
            0.32156863808631897,
            0.0,
            1.0
        ],
        "FontSize": [
            20.0
        ],
        "IsUseText": [
            1
        ],
        "LineSpacing": [
            0.0
        ],
        "Material": {
            "Ambient": [
                0.8500000238418579,
                0.8500000238418579,
                0.8500000238418579,
                1.0
            ],
            "Diffuse": [
                1.0,
                1.0,
                1.0,
                1.0
            ],
            "Emission": [
                0.0,
                0.0,
                0.0,
                0.0
            ],
            "Specular": [
                1.0,
                0.5,
                0.5,
                0.20000000298023224
            ]
        },
        "Outline": [
            7.0
        ],
        "OutlineColor": [
            1.0,
            0.32352936267852783,
            0.0,
            1.0
        ],
        "Padding": [
            0.0,
            0.0,
            0.0,
            0.0
        ],
        "Position": [
            0.0,
            -400.0,
            0.8999999761581421
        ],
        "Rotation": [
            0.0,
            0.0,
            0.0
        ],
        "TextAlign": [
            1
        ]
    },
    "EnvironmentLight": {
        "Ambient": [
            0.7303921580314636,
            0.7303921580314636,
            0.7303921580314636,
            1.0
        ],
        "Diffuse": [
            0.8186274766921997,
            0.8186274766921997,
            0.8186274766921997,
            1.0
        ],
        "Direction": [
            0.0,
            0.0,
            0.0
        ],
        "Position": [
            7.0,
            10.0,
            0.5
        ]
    },
    "Jug": {
        "DefaultPos": [
            4.0,
            0.0,
            2.0
        ],
        "Graphic": {
            "Position": [
                4.0,
                0.0,
                2.0
            ],
            "Rotation": [
                0.0,
                0.0,
                0.0
            ],
            "Scale": [
                10.0,
                10.0,
                10.0
            ]
        }
    },
    "Pot": {
        "Position": [
            0.0,
            0.0,
            0.0
        ],
        "Rotation": [
            0.0,
            0.0,
            0.0
        ],
        "Scale": [
            11.0,
            11.0,
            11.0
        ]
    },
    "PotTop": {
        "Position": [
            -3.299999952316284,
            1.399999976158142,
            0.0
        ],
        "Rotation": [
            0.0,
            0.0,
            0.7853980660438538
        ],
        "Scale": [
            9.0,
            9.0,
            11.0
        ]
    },
    "RedPotion": {
        "DefaultPos": [
            3.700000047683716,
            0.0,
            -1.0
        ],
        "Graphic": {
            "Position": [
                3.700000047683716,
                0.0,
                -1.0
            ],
            "Rotation": [
                0.0,
                0.0,
                0.0
            ],
            "Scale": [
                7.0,
                7.0,
                7.0
            ]
        },
        "PigmentColor": [
            0.5,
            0.0,
            0.0,
            0.0
        ]
    },
    "Reset": {
        "AnchorAlign": [
            4
        ],
        "AnchorPosition": [
            -600.0,
            -400.0
        ],
        "ContainerSize": [
            250.0,
            90.0
        ],
        "Context": "Reset",
        "FontBlockWidth": [
            250.0
        ],
        "FontColor": [
            0.3529411554336548,
            0.3529411554336548,
            1.0,
            1.0
        ],
        "FontSize": [
            20.0
        ],
        "IsUseText": [
            1
        ],
        "LineSpacing": [
            0.0
        ],
        "Material": {
            "Ambient": [
                0.8500000238418579,
                0.8500000238418579,
                0.8500000238418579,
                1.0
            ],
            "Diffuse": [
                1.0,
                1.0,
                1.0,
                1.0
            ],
            "Emission": [
                0.0,
                0.0,
                0.0,
                0.0
            ],
            "Specular": [
                1.0,
                0.5,
                0.5,
                0.20000000298023224
            ]
        },
        "Outline": [
            7.0
        ],
        "OutlineColor": [
            0.3529411852359772,
            0.3529411852359772,
            1.0,
            1.0
        ],
        "Padding": [
            0.0,
            0.0,
            0.0,
            0.0
        ],
        "Position": [
            -600.0,
            -400.0,
            0.8999999761581421
        ],
        "Rotation": [
            0.0,
            0.0,
            0.0
        ],
        "TextAlign": [
            1
        ]
    },
    "ScenePotionWater": {
        "DefaultHeight": [
            0.4000000059604645
        ],
        "DiluteParam": [
            0.019999999552965164
        ],
        "Duration": [
            4.304999828338623
        ],
        "LimitHeight": [
            1.600000023841858
        ],
        "Material": {
            "Ambient": [
                0.800000011920929,
                0.800000011920929,
                0.800000011920929,
                1.0
            ],
            "Diffuse": [
                0.5,
                0.3763512074947357,
                0.3763512074947357,
                0.2284131944179535
            ],