{
    "BlueIngredientButton": {
        "Position": [
            550.0,
            -400.0
        ],
        "Scale": [
            125.0,
            125.0
        ],
        "ShadowOffset": [
            10.0,
            -10.0
        ]
    },
    "BluePotion": {
        "DefaultPos": [
            5.400000095367432,
            0.0,
            0.0
        ],
        "Graphic": {
            "Position": [
                5.400000095367432,
                0.0,
                0.0
            ],
            "Rotation": [
                0.0,
                0.0,
                0.0
            ],
            "Scale": [
                7.0,
                7.0,
                7.0
            ]
        },
        "PigmentColor": [
            0.0,
            0.0,
            0.5,
            1.0
        ]
    },
    "CandleLight1": {
        "Ambient": [
            1.0,
            1.0,
            1.0,
            1.0
        ],
        "Attenuation": [
            2.200000047683716,
            0.0,
            0.0
        ],
        "CastHeight": [
            8.0
        ],
        "Diffuse": [
            1.0,
            0.6176470518112183,
            0.0,
            1.0
        ],
        "Direction": [
            0.0,
            1.0,
            0.0
        ],
        "Position": [
            7.0,
            2.6500000953674316,
            -2.0
        ],
        "Range": [
            12.123000144958496
        ]
    },
    "CandleLight2": {
        "Ambient": [
            1.0,
            1.0,
            1.0,
            1.0
        ],
        "Attenuation": [
            2.299999952316284,
            0.0,
            0.0
        ],
        "CastHeight": [
            2.0
        ],
        "Diffuse": [
            1.0,
            0.6196078658103943,
            0.0,
            1.0
        ],
        "Direction": [
            0.0,
            1.0,
            0.0
        ],
        "Position": [
            -8.0,
            3.0,
            4.0
        ],
        "Range": [
            10.423999786376953
        ]
    },
    "EnvironmentLight": {
        "Ambient": [
            0.7303921580314636,
            0.7303921580314636,
            0.7303921580314636,
            1.0
        ],
        "Diffuse": [
            0.8186274766921997,
            0.8186274766921997,
            0.8186274766921997,
            1.0
        ],
        "Direction": [
            0.0,
            0.0,
            0.0
        ],
        "Position": [
            7.0,
            10.0,
            0.5
        ]
    },
    "GoldDisplay": {
        "FontColor": [
            0.7647058963775635,
            0.7647058963775635,
            0.003748546587303281,
            1.0
        ],
        "FontScale": [
            90.0,
            90.0
        ],
        "FontSize": 1,
        "Graphic": {
            "BaseColor": [
                1.0,
                1.0,
                1.0,
                1.0
            ],
            "OutlineColor": [
                1.0,
                1.0,
                1.0,
                1.0
            ],
            "OutlineWeight": [
                1.0
            ],
            "Position": [
                700.0,
                440.0
            ],
            "RadiusX": [
                1.0
            ],
            "RadiusY": [
                1.0
            ],
            "Scale": [
                400.0,
                100.0
            ]
        },
        "Padding": [
            0.0,
            0.0,
            0.0,
            0.0
        ],
        "Position": [
            700.0,
            440.0
        ],
        "Scale": [
            400.0,
            100.0
        ],
        "Text": "18900",
        "TextAlignment": 2
    },
    "Jug": {
        "DefaultPos": [
            4.0,
            0.0,
            2.0
        ],
        "Graphic": {
            "Position": [
                4.0,
                0.0,
                2.0
            ],
            "Rotation": [
                0.0,
                0.0,
                0.0
            ],
            "Scale": [
                10.0,
                10.0,
                10.0
            ]
        }
    },
    "Pot": {
        "Position": [
            0.0,
            0.0,
            0.0
        ],
        "Rotation": [
            0.0,
            0.0,
            0.0
        ],
        "Scale": [
            11.0,
            11.0,
            11.0
        ]
    },
    "PotTop": {
        "Position": [
            -3.0999999046325684,
            1.399999976158142,
            0.0
        ],
        "Rotation": [
            0.0,
            0.0,
            0.7853980660438538
        ],
        "Scale": [
            9.0,
            9.0,
            9.0
        ]
    },
    "RedIngredientButton": {
        "Position": [
            350.0,
            -400.0
        ],
        "Scale": [
            125.0,
            125.0
        ],
        "ShadowOffset": [
            10.0,
            -10.0
        ]
    },
    "RedPotion": {
        "DefaultPos": [
            3.200000047683716,
            0.0,
            -1.0
        ],
        "Graphic": {
            "Position": [
                3.200000047683716,
                0.0,
                -1.0
            ],
            "Rotation": [
                0.0,
                0.0,
                0.0
            ],
            "Scale": [
                7.0,
                7.0,
                7.0
            ]
        },
        "PigmentColor": [
            0.5,
            0.0,
            0.0,
            1.0
        ]
    },
    "ResetButton": {
        "Position": [
            0.0,
            -400.0
        ],
        "Scale": [
            125.0,
            124.0
        ],
        "ShadowOffset": [
            10.0,
            -10.0
        ]
    },
    "ScenePotionWater": {
        "DefaultHeight": [
            0.20000000298023224
        ],
        "DiluteParam": [
            0.0020000000949949026
        ],
        "Duration": [
            4.304999828338623
        ],
        "LimitHeight": [
            1.600000023841858
        ],
        "Material": {
            "Ambient": [
                0.800000011920929,
                0.800000011920929,
                0.800000011920929,
                1.0
            ],
            "Diffuse": [
                0.30000001192092896,
                0.30000001192092896,
                0.30000001192092896,
                0.30000001192092896
            ],
            "Emission": [
                0.0,
                0.0,
                0.0,
                1.0
            ],
            "Specular": [
                0.800000011920929,
                0.800000011920929,
                0.800000011920929,
                32.0
            ]
        },
        "MaxHeight": [
            2.009999990463257
        ],
        "Position": [
            0.0,
            0.20000000298023224,
            0.0
        ],
        "Rotation": [
            0.0,
            0.0,
            0.0
        ],
        "Scale": [
            4.199999809265137,
            1.0,
            4.199999809265137
        ],
        "TransformSpeed": [
            0.0
        ],
        "ValueParam": [
            0.07500000298023224
        ],
        "WaterParam": {
            "Boiling": {
                "Center": [
                    0.0,
                    0.0,
                    0.0
                ],
                "Frequency": [
                    7.0
                ],
                "MaxAmplitude": [
                    0.0020000000949949026
                ],
                "MinAmplitude": [
                    0.0
                ],
                "Sigma": [
                    2.0
                ],
                "Speed": [
                    0.3499999940395355
                ]
            },