{
    "Camera": {
        "Position": [
            0.0,
            7.0,
            -7.0
        ],
        "Rotation": [
            0.7853982448577881,
            0.0,
            0.0
        ]
    },
    "Pot": {
        "Filepath": "Assets/Texture/Lab/rust_coarse_01_diff_1k.jpg",
        "Material": {
            "Ambient": [
                0.4699999988079071,
                0.3100000023841858,
                0.03799999877810478,
                1.0
            ],
            "Diffuse": [
                0.7799999713897705,
                0.5680000185966492,
                0.11299999803304672,
                1.0
            ],
            "Emission": [
                0.0,
                0.0,
                0.0,
                0.0
            ],
            "Specular": [
                0.9919999837875366,
                0.9409999847412109,
                0.8069999814033508,
                32.0
            ]
        },
        "Position": [
            -4.86737060546875,
            -0.41776132583618164,
            -1.0
        ],
        "Rotation": [
            0.0,
            0.0,
            0.0
        ],
        "Scale": [
            3.0,
            1.0,
            3.0
        ]
    },
    "Water": {
        "Amplitude": [
            0.07400000095367432
        ],
        "Center": [
            0.0,
            0.0,
            0.07999999821186066
        ],
        "Filepath": "Assets/Texture/Lab/Water_none_color.png",
        "Frequency": [
            2.9019999504089355
        ],
        "Material": {
            "Ambient": [
                0.800000011920929,
                0.800000011920929,
                0.800000011920929,
                1.0
            ],
            "Diffuse": [
                0.20000000298023224,
                0.30000001192092896,
                0.6000000238418579,
                0.30000001192092896
            ],
            "Emission": [
                0.0,
                0.0,
                0.0,
                1.0
            ],
            "Specular": [
                0.800000011920929,
                0.800000011920929,
                0.800000011920929,
                32.0
            ]
        },
        "Position": [
            -4.867000102996826,
            -0.46000000834465027,
            -1.0
        ],
        "Rotation": [
            0.0,
            0.0,
            0.0
        ],
        "Scale": [
            3.0,
            1.0,
            3.0
        ],
        "Sigma": [
            0.8309999704360962
        ],
        "Speed": [
            0.23800000548362732
        ]
    }
}