{
    "EnvironmentLight": {
        "Ambient": [
            0.7303921580314636,
            0.7303921580314636,
            0.7303921580314636,
            1.0
        ],
        "Diffuse": [
            1.0,
            1.0,
            1.0,
            1.0
        ],
        "Direction": [
            0.0,
            0.0,
            0.0
        ],
        "Position": [
            7.0,
            10.0,
            0.5
        ]
    },
    "Pot": {
        "Position": [
            -1.0,
            0.8999999761581421,
            0.0
        ],
        "Rotation": [
            0.0,
            0.0,
            0.0
        ],
        "Scale": [
            7.0,
            7.0,
            7.0
        ]
    },
    "ScenePotionWater": {
        "Duration": [
            4.304999828338623
        ],
        "Material": {
            "Ambient": [
                0.800000011920929,
                0.800000011920929,
                0.800000011920929,
                1.0
            ],
            "Diffuse": [
                1.0,
                1.0,
                1.0,
                0.30000001192092896
            ],
            "Emission": [
                0.0,
                0.0,
                0.0,
                1.0
            ],
            "Specular": [
                0.800000011920929,
                0.800000011920929,
                0.800000011920929,
                32.0
            ]
        },
        "Position": [
            -1.0,
            1.75,
            0.0
        ],
        "Rotation": [
            0.0,
            0.0,
            0.0
        ],
        "Scale": [
            2.9000000953674316,
            1.0,
            2.9000000953674316
        ],
        "WaterParam": {
            "Boiling": {
                "Center": [
                    -2.0,
                    0.0,
                    0.0
                ],
                "Frequency": [
                    9.0
                ],
                "MaxAmplitude": [
                    0.09000000357627869
                ],
                "MinAmplitude": [
                    0.0
                ],
                "Sigma": [
                    2.0
                ],
                "Speed": [
                    0.07000000029802322
                ]
            },
            "Rippling": {
                "Center": [
                    -1.0,
                    0.0,
                    0.0
                ],
                "Frequency": [
                    5.300000190734863
                ],
                "MaxAmplitude": [
                    0.029999999329447746
                ],
                "MinAmplitude": [
                    0.0
                ],
                "Sigma": [
                    1.5
                ],
                "Speed": [
                    0.019999999552965164
                ]
            },
            "Still": {
                "Center": [
                    0.0,
                    0.0,
                    0.0
                ],
                "Frequency": [
                    0.0
                ],
                "MaxAmplitude": [
                    0.05000000074505806
                ],
                "MinAmplitude": [
                    0.0
                ],
                "Sigma": [
                    0.0
                ],
                "Speed": [
                    0.0
                ]
            },
            "Violent": {
                "Center": [
                    0.0,
                    0.0,
                    0.0
                ],
                "Frequency": [
                    12.0
                ],
                "MaxAmplitude": [
                    0.0
                ],
                "MinAmplitude": [
                    0.0
                ],
                "Sigma": [
                    1.0
                ],
                "Speed": [
                    0.05000000074505806
                ]
            }
        }
    },
    "Table": {
        "Position": [
            0.0,
            0.8999999761581421,
            0.0
        ],
        "Rotation": [
            0.0,
            0.0,
            0.0
        ],
        "Scale": [
            20.0,
            1.0,
            20.0
        ]
    }
}