{
    "DefaultCamera": {
        "Position": [
            -8.354530334472656,
            3.4438583850860596,
            -7.72501277923584
        ],
        "Rotation": [
            0.11215080320835114,
            -1.1920928955078125e-06,
            1.8073233576387793e-08
        ]
    }
}