{
    "uiExit": {
        "ContainerSize": [
            480.0,
            100.0
        ],
        "IsUseText": [
            0
        ],
        "Material": {
            "Ambient": [
                0.8500000238418579,
                0.8500000238418579,
                0.8500000238418579,
                1.0
            ],
            "Diffuse": [
                1.0,
                1.0,
                1.0,
                1.0
            ],
            "Emission": [
                0.0,
                0.0,
                0.0,
                0.0
            ],
            "Specular": [
                1.0,
                0.5,
                0.5,
                0.20000000298023224
            ]
        },
        "Position": [
            0.0,
            -310.0,
            0.20000000298023224
        ],
        "Rotation": [
            0.0,
            0.0,
            0.0
        ]
    },
    "uiOption": {
        "ContainerSize": [
            480.0,
            100.0
        ],
        "IsUseText": [
            0
        ],
        "Material": {
            "Ambient": [
                0.8500000238418579,
                0.8500000238418579,
                0.8500000238418579,
                1.0
            ],
            "Diffuse": [
                1.0,
                1.0,
                1.0,
                1.0
            ],
            "Emission": [
                0.0,
                0.0,
                0.0,
                0.0
            ],
            "Specular": [
                1.0,
                0.5,
                0.5,
                0.20000000298023224
            ]
        },
        "Position": [
            0.0,
            -170.0,
            0.30000001192092896
        ],
        "Rotation": [
            0.0,
            0.0,
            0.0
        ]
    },
    "uiStart": {
        "ContainerSize": [
            480.0,
            100.0
        ],
        "IsUseText": [
            0
        ],
        "Material": {
            "Ambient": [
                0.8500000238418579,
                0.8500000238418579,
                0.8500000238418579,
                1.0
            ],
            "Diffuse": [
                1.0,
                1.0,
                1.0,
                1.0
            ],
            "Emission": [
                0.0,
                0.0,
                0.0,
                0.0
            ],
            "Specular": [
                1.0,
                0.5,
                0.5,
                0.20000000298023224
            ]
        },
        "Position": [
            0.0,
            -20.0,
            0.20000000298023224
        ],
        "Rotation": [
            0.0,
            0.0,
            0.0
        ]
    }
}