{
    "Bottle": {
        "Position": [
            4.0,
            0.0,
            3.0
        ],
        "Rotation": [
            0.0,
            0.0,
            0.0
        ],
        "Scale": [
            7.0,
            7.0,
            7.0
        ]
    },
    "Candle1": {
        "Position": [
            7.0,
            0.0,
            4.0
        ],
        "Rotation": [
            0.0,
            0.0,
            0.0
        ],
        "Scale": [
            10.0,
            15.0,
            10.0
        ]
    },
    "Candle2": {
        "Position": [
            6.5,
            0.0,
            3.5
        ],
        "Rotation": [
            0.0,
            0.0,
            0.0
        ],
        "Scale": [
            10.0,
            8.0,
            10.0
        ]
    },
    "Candle3": {
        "Position": [
            6.199999809265137,
            0.0,
            4.0
        ],
        "Rotation": [
            0.0,
            0.0,
            0.0
        ],
        "Scale": [
            10.0,
            6.0,
            10.0
        ]
    },
    "CandleLight": {
        "Ambient": [
            1.0,
            1.0,
            1.0,
            1.0
        ],
        "Attenuation": [
            1.7000000476837158,
            0.0,
            0.0
        ],
        "CastHeight": [
            2.299999952316284
        ],
        "Diffuse": [
            0.9460784196853638,
            0.41738754510879517,
            0.0,
            1.0
        ],
        "Direction": [
            0.0,
            1.0,
            0.0
        ],
        "Position": [
            7.0,
            2.6500000953674316,
            4.099999904632568
        ],
        "Range": [
            23.520999908447266
        ]
    },
    "EnvironmentLight": {
        "Ambient": [
            1.0,
            1.0,
            1.0,
            1.0
        ],
        "Diffuse": [
            0.3480392098426819,
            0.3480392098426819,
            0.3480392098426819,
            1.0
        ],
        "Direction": [
            0.0,
            0.0,
            0.0
        ],
        "Position": [
            0.0,
            10.0,
            2.0
        ]
    },
    "FryingStand": {
        "Position": [
            0.0,
            0.0,
            0.0
        ],
        "Rotation": [
            0.0,
            0.0,
            0.0
        ],
        "Scale": [
            5.0,
            5.0,
            5.0
        ]
    },
    "Jug": {
        "Position": [
            -5.0,
            0.0,
            4.0
        ],
        "Rotation": [
            0.0,
            0.0,
            0.0
        ],
        "Scale": [
            12.0,
            12.0,
            12.0
        ]
    },
    "Pot": {
        "Position": [
            0.0,
            0.8999999761581421,
            0.0
        ],
        "Rotation": [
            0.0,
            0.0,
            0.0
        ],
        "Scale": [
            7.0,
            7.0,
            7.0
        ]
    },
    "RedBook": {
        "Position": [
            -5.0,
            -0.11999999731779099,
            0.0
        ],
        "Rotation": [
            0.0,
            0.5235987901687622,
            0.0
        ],
        "Scale": [
            0.5,
            0.5,
            0.5
        ]
    },
    "Wall": {
        "Position": [
            0.0,
            0.0,
            16.899999618530273
        ],
        "Rotation": [
            -1.5707963705062866,
            0.0,
            0.0
        ],
        "Scale": [
            45.0,
            1.0,
            40.0
        ]
    },
    "water": {
        "Duration": [
            2.622999906539917
        ],
        "Material": {
            "Ambient": [
                0.5441176891326904,
                0.5441176891326904,
                0.5441176891326904,
                1.0
            ],
            "Diffuse": [
                0.779411792755127,
                0.779411792755127,
                0.779411792755127,
                0.30000001192092896
            ],
            "Emission": [
                0.0,
                0.0,
                0.0,
                1.0
            ],
            "Specular": [
                1.0,
                1.0,
                1.0,
                32.0
            ]
        },
        "Position": [
            0.0,
            1.7100000381469727,
            0.0
        ],
        "Rotation": [
            0.0,
            0.0,
            0.0
        ],
        "Scale": [
            3.0,
            1.0,
            3.0
        ],
        "WaterParam": {
            "Boiling": {
                "Center": [
                    0.0,
                    0.0,
                    0.0
                ],
                "Frequency": [
                    2.0
                ],
                "MaxAmplitude": [
                    0.05000000074505806
                ],
                "MinAmplitude": [
                    0.0
                ],
                "Sigma": [
                    2.0
                ],
                "Speed": [
                    0.5
                ]
            },
            "Rippling": {
                "Center": [
                    0.0,
                    0.0,
                    0.0
                ],
                "Frequency": [
                    0.0
                ],
                "MaxAmplitude": [
                    0.0
                ],
                "MinAmplitude": [
                    0.0
                ],
                "Sigma": [
                    0.0
                ],
                "Speed": [
                    0.0
                ]
            },
            "Still": {
                "Center": [
                    0.0,
                    0.0,
                    0.0
                ],
                "Frequency": [
                    0.0
                ],
                "MaxAmplitude": [
                    0.0
                ],
                "MinAmplitude": [
                    0.0
                ],
                "Sigma": [
                    0.0
                ],
                "Speed": [
                    0.0
                ]
            },
            "Violent": {
                "Center": [
                    0.0,
                    0.0,
                    0.0
                ],
                "Frequency": [
                    0.0
                ],
                "MaxAmplitude": [
                    0.0
                ],
                "MinAmplitude": [
                    0.0
                ],
                "Sigma": [
                    0.0
                ],
                "Speed": [
                    0.0
                ]
            }
        }
    }
}