{
    "BluePotion": {
        "DefaultPos": [
            4.5,
            0.0,
            -2.0
        ],
        "Graphic": {
            "Position": [
                4.5,
                0.0,
                -2.0
            ],
            "Rotation": [
                0.0,
                0.0,
                0.0
            ],
            "Scale": [
                7.0,
                7.0,
                7.0
            ]
        },
        "PigmentColor": [
            0.0,
            0.0,
            1.0,
            1.0
        ]
    },
    "CandleLight": {
        "Ambient": [
            1.0,
            1.0,
            1.0,
            1.0
        ],
        "Attenuation": [
            2.0,
            0.0,
            0.0
        ],
        "CastHeight": [
            3.9000000953674316
        ],
        "Diffuse": [
            0.8872548937797546,
            0.645229697227478,
            0.13917723298072815,
            1.0
        ],
        "Direction": [
            0.0,
            1.0,
            0.0
        ],
        "Position": [
            7.0,
            2.6500000953674316,
            4.5
        ],
        "Range": [
            16.743999481201172
        ]
    },
    "Charge": {
        "AnchorAlign": [
            4
        ],
        "AnchorPosition": [
            0.0,
            -400.0
        ],
        "ContainerSize": [
            240.0,
            90.0
        ],
        "Context": "Charge",
        "FontBlockWidth": [
            300.0
        ],
        "FontColor": [
            1.0,
            0.32156863808631897,
            0.0,
            1.0
        ],
        "FontSize": [
            20.0
        ],
        "IsUseText": [
            1
        ],
        "LineSpacing": [
            0.0
        ],
        "Material": {
            "Ambient": [
                0.8500000238418579,
                0.8500000238418579,
                0.8500000238418579,
                1.0
            ],
            "Diffuse": [
                1.0,
                1.0,
                1.0,
                1.0
            ],
            "Emission": [
                0.0,
                0.0,
                0.0,
                0.0
            ],
            "Specular": [
                1.0,
                0.5,
                0.5,
                0.20000000298023224
            ]
        },
        "Outline": [
            7.0
        ],
        "OutlineColor": [
            1.0,
            0.32352936267852783,
            0.0,
            1.0
        ],
        "Padding": [
            0.0,
            0.0,
            0.0,
            0.0
        ],
        "Position": [
            0.0,
            -400.0,
            0.8999999761581421
        ],
        "Rotation": [
            0.0,
            0.0,
            0.0
        ],
        "TextAlign": [
            1
        ]
    },
    "EnvironmentLight": {
        "Ambient": [
            0.7303921580314636,
            0.7303921580314636,
            0.7303921580314636,
            1.0
        ],
        "Diffuse": [
            0.4852941036224365,
            0.4852941036224365,
            0.4852941036224365,
            1.0
        ],
        "Direction": [
            0.0,
            0.0,
            0.0
        ],
        "Position": [
            7.0,
            10.0,
            0.5
        ]
    },
    "Jug": {
        "DefaultPos": [
            4.0,
            0.0,
            2.0
        ],
        "Graphic": {
            "Position": [
                4.0,
                0.0,
                2.0
            ],
            "Rotation": [
                0.0,
                0.0,
                0.0
            ],
            "Scale": [
                10.0,
                10.0,
                10.0
            ]
        }
    },
    "MissionPaper": {
        "Position": [
            -5.0,
            -0.30000001192092896,
            0.0
        ],
        "Rotation": [
            0.0,
            -0.06981289386749268,
            0.0
        ],
        "Scale": [
            3.0,
            1.0,
            4.0
        ]
    },
    "Pot": {
        "Position": [
            0.0,
            0.0,
            0.0
        ],
        "Rotation": [
            0.0,
            0.0,
            0.0
        ],
        "Scale": [
            11.0,
            11.0,
            11.0
        ]
    },
    "RedPotion": {
        "DefaultPos": [
            3.700000047683716,
            0.0,
            -1.0
        ],
        "Graphic": {
            "Position": [
                3.700000047683716,
                0.0,
                -1.0
            ],
            "Rotation": [
                0.0,
                0.0,
                0.0
            ],
            "Scale": [
                7.0,
                7.0,
                7.0
            ]
        },
        "PigmentColor": [
            1.0,
            0.0,
            0.0,
            1.0
        ]
    },
    "Reset": {
        "AnchorAlign": [
            4
        ],
        "AnchorPosition": [
            -600.0,
            -400.0
        ],
        "ContainerSize": [
            250.0,
            90.0
        ],
        "Context": "Reset",
        "FontBlockWidth": [
            250.0
        ],
        "FontColor": [
            0.3529411554336548,
            0.3529411554336548,
            1.0,
            1.0
        ],
        "FontSize": [
            20.0
        ],
        "IsUseText": [
            1
        ],
        "LineSpacing": [
            0.0
        ],
        "Material": {
            "Ambient": [
                0.8500000238418579,
                0.8500000238418579,
                0.8500000238418579,
                1.0
            ],
            "Diffuse": [
                1.0,
                1.0,
                1.0,
                1.0
            ],
            "Emission": [
                0.0,
                0.0,
                0.0,
                0.0
            ],
            "Specular": [
                1.0,
                0.5,
                0.5,
                0.20000000298023224
            ]
        },
        "Outline": [
            7.0
        ],
        "OutlineColor": [
            0.3529411852359772,
            0.3529411852359772,
            1.0,
            1.0
        ],
        "Padding": [
            0.0,
            0.0,
            0.0,
            0.0
        ],
        "Position": [
            -600.0,
            -400.0,
            0.8999999761581421
        ],
        "Rotation": [
            0.0,
            0.0,
            0.0
        ],
        "TextAlign": [
            1
        ]
    },
    "ScenePotionWater": {
        "Duration": [
            4.304999828338623
        ],
        "Material": {
            "Ambient": [
                0.800000011920929,
                0.800000011920929,
                0.800000011920929,
                1.0
            ],
            "Diffuse": [
                0.4000000059604645,
                0.4000000059604645,
                0.4000000059604645,
                0.30000001192092896
            ],
            "Emission": [
                0.0,
                0.0,
                0.0,
                1.0
            ],
            "Specular": [
                0.800000011920929,
                0.800000011920929,
                0.800000011920929,
                32.0
            ]
        },
        "Position": [
            0.0,
            1.2000000476837158,
            0.0
        ],
        "Rotation": [
            0.0,
            0.0,
            0.0
        ],
        "Scale": [
            4.199999809265137,
            1.0,
            4.199999809265137
        ],
        "WaterParam": {
            "Boiling": {
                "Center": [
                    0.0,
                    0.0,
                    0.0
                ],
                "Frequency": [
                    9.0
                ],