{
    "Container": {
        "Filepath": "Assets/Texture/Lab/rust_coarse_01_diff_1k.jpg",
        "Material": {
            "Ambient": [
                0.4699999988079071,
                0.3100000023841858,
                0.03799999877810478,
                1.0
            ],
            "Diffuse": [
                0.7799999713897705,
                0.5680000185966492,
                0.11299999803304672,
                1.0
            ],
            "Emission": [
                0.0,
                0.0,
                0.0,
                0.0
            ],
            "Specular": [
                0.9919999837875366,
                0.9409999847412109,
                0.8069999814033508,
                32.0
            ]
        },
        "Position": [
            0.0,
            0.0,
            0.0
        ],
        "Rotation": [
            0.0,
            0.0,
            0.0
        ],
        "Scale": [
            1.0,
            1.0,
            1.0
        ]
    }
}