{
    "Accept": {
        "AnchorAlign": [
            4
        ],
        "AnchorPosition": [
            -330.0,
            -400.0
        ],
        "ContainerSize": [
            320.0,
            100.0
        ],
        "Context": "ACCEPT",
        "FontBlockWidth": [
            330.0
        ],
        "FontColor": [
            1.0,
            1.0,
            1.0,
            1.0
        ],
        "FontSize": [
            20.0
        ],
        "IsUseText": [
            1
        ],
        "LineSpacing": [
            0.0
        ],
        "Material": {
            "Ambient": [
                0.8500000238418579,
                0.8500000238418579,
                0.8500000238418579,
                1.0
            ],
            "Diffuse": [
                1.0,
                0.0,
                0.0,
                1.0
            ],
            "Emission": [
                0.0,
                0.0,
                0.0,
                0.0
            ],
            "Specular": [
                1.0,
                0.5,
                0.5,
                0.20000000298023224
            ]
        },
        "Outline": [
            7.0
        ],
        "OutlineColor": [
            1.0,
            1.0,
            1.0,
            1.0
        ],
        "Padding": [
            40.0,
            40.0,
            0.0,
            40.0
        ],
        "Position": [
            -330.0,
            -400.0,
            0.20000000298023224
        ],
        "Rotation": [
            0.0,
            0.0,
            0.0
        ],
        "TextAlign": [
            1
        ]
    },
    "Back": {
        "AnchorAlign": [
            4
        ],
        "AnchorPosition": [
            330.0,
            -400.0
        ],
        "ContainerSize": [
            300.0,
            100.0
        ],
        "Context": "Back",
        "FontBlockWidth": [
            300.0
        ],
        "FontColor": [
            1.0,
            1.0,
            1.0,
            1.0
        ],
        "FontSize": [
            22.0
        ],
        "IsUseText": [
            1
        ],
        "LineSpacing": [
            0.0
        ],
        "Material": {
            "Ambient": [
                0.8500000238418579,
                0.8500000238418579,
                0.8500000238418579,
                1.0
            ],
            "Diffuse": [
                0.0,
                0.0,
                1.0,
                1.0
            ],
            "Emission": [
                0.0,
                0.0,
                0.0,
                0.0
            ],
            "Specular": [
                1.0,
                0.5,
                0.5,
                0.20000000298023224
            ]
        },
        "Outline": [
            7.0
        ],
        "OutlineColor": [
            1.0,
            1.0,
            1.0,
            1.0
        ],
        "Padding": [
            40.0,
            40.0,
            0.0,
            40.0
        ],
        "Position": [
            330.0,
            -400.0,
            0.20000000298023224
        ],
        "Rotation": [
            0.0,
            0.0,
            0.0
        ],
        "TextAlign": [
            1
        ]
    },
    "ColorSample": {
        "ContainerSize": [
            150.0,
            150.0
        ],
        "IsUseText": [
            0
        ],
        "Material": {
            "Ambient": [
                1.0,
                1.0,
                1.0,
                1.0
            ],
            "Diffuse": [
                0.0,
                1.0,
                0.0,
                1.0
            ],
            "Emission": [
                0.0,
                0.0,
                0.0,
                0.0
            ],
            "Specular": [
                1.0,
                0.5,
                0.5,
                0.20000000298023224
            ]
        },
        "Outline": [
            10.0
        ],
        "OutlineColor": [
            0.0,
            0.0,
            0.0,
            1.0
        ],
        "Position": [
            -400.0,
            -120.0,
            0.8999999761581421
        ],
        "Rotation": [
            0.0,
            0.0,
            0.0
        ]
    },
    "MissionOwner": {
        "ContainerSize": [
            180.0,
            180.0
        ],
        "IsUseText": [
            0
        ],
        "Material": {
            "Ambient": [
                1.0,
                1.0,
                1.0,
                1.0
            ],
            "Diffuse": [
                1.0,
                1.0,
                1.0,
                1.0
            ],
            "Emission": [
                0.0,
                0.0,
                0.0,
                0.0
            ],
            "Specular": [
                1.0,
                0.5,
                0.5,
                0.20000000298023224
            ]
        },
        "Outline": [
            10.0
        ],
        "OutlineColor": [
            0.0,
            0.0,
            0.0,
            1.0
        ],
        "Position": [
            440.0,
            400.0,
            1.7999999523162842
        ],
        "Rotation": [
            0.0,
            0.0,
            0.0
        ]
    },
    "PSWord": {
        "AnchorAlign": [
            0
        ],
        "AnchorPosition": [
            -300.5,
            -49.5
        ],
        "ContainerSize": [
            1.0,
            1.0
        ],
        "Context": "PS This is the sample color!",
        "FontBlockWidth": [
            850.0
        ],
        "FontColor": [
            0.4745098054409027,
            0.0,
            0.41960784792900085,
            1.0
        ],
        "FontSize": [
            20.0
        ],
        "IsUseText": [
            1
        ],
        "LineSpacing": [
            0.0
        ],
        "Material": {
            "Ambient": [
                1.0,
                1.0,
                1.0,
                1.0
            ],
            "Diffuse": [
                1.0,
                1.0,
                1.0,
                1.0
            ],
            "Emission": [
                0.0,
                0.0,
                0.0,
                0.0
            ],
            "Specular": [
                1.0,
                0.5,
                0.5,
                0.20000000298023224
            ]
        },
        "Outline": [
            1.0
        ],
        "OutlineColor": [
            1.0,
            1.0,
            1.0,
            1.0
        ],
        "Padding": [
            0.0,
            0.0,
            0.0,
            0.0
        ],
        "Position": [
            -300.0,
            -50.0,
            0.8999999761581421
        ],
        "Rotation": [
            0.0,
            0.0,
            0.0
        ],
        "TextAlign": [
            0
        ]
    },
    "Test": {
        "AnchorAlign": [
            1
        ],
        "AnchorPosition": [
            0.0,
            390.0
        ],
        "ContainerSize": [
            1200.0,
            720.0
        ],
        "Context": "Dear Player,\n  Hello! This is Witch Q.\n  I want you to make Poison Potion for me.\n  I will give 200 gold as reward.",
        "FontBlockWidth": [
            1050.0
        ],
        "FontColor": [
            0.4754902124404907,
            0.0,
            0.419550359249115,
            1.0
        ],
        "FontSize": [
            14.0
        ],
        "IsUseText": [
            1
        ],
        "LineSpacing": [
            10.0
        ],
        "Material": {
            "Ambient": [
                1.0,
                1.0,
                1.0,
                1.0
            ],
            "Diffuse": [
                1.0,
                1.0,
                1.0,
                1.0
            ],