{
    "EnvironmentLight": {
        "Ambient": [
            0.7303921580314636,
            0.7303921580314636,
            0.7303921580314636,
            1.0
        ],
        "Direction": [
            0.0,
            0.0,
            0.0
        ],
        "Position": [
            0.0,
            10.0,
            0.5
        ]
    },
    "ScenePotionWater": {
        "Duration": [
            2.316999912261963
        ],
        "Material": {
            "Ambient": [
                0.800000011920929,
                0.800000011920929,
                0.800000011920929,
                1.0
            ],
            "Diffuse": [
                0.28921568393707275,
                0.46691209077835083,
                1.0,
                0.30000001192092896
            ],
            "Emission": [
                0.0,
                0.0,
                0.0,
                1.0
            ],
            "Specular": [
                0.800000011920929,
                0.800000011920929,
                0.800000011920929,
                32.0
            ]
        },
        "Position": [
            -2.0,
            1.75,
            0.0
        ],
        "Rotation": [
            0.0,
            0.0,
            0.0
        ],
        "Scale": [
            4.0,
            1.0,
            4.0
        ],
        "WaterParam": {
            "Boiling": {
                "Center": [
                    0.0,
                    0.0,
                    0.0
                ],
                "Frequency": [
                    9.0
                ],
                "MaxAmplitude": [
                    0.09000000357627869
                ],
                "MinAmplitude": [
                    0.0
                ],
                "Sigma": [
                    1.0
                ],
                "Speed": [
                    0.07000000029802322
                ]
            },
            "Rippling": {
                "Center": [
                    -2.0,
                    0.0,
                    0.0
                ],
                "Frequency": [
                    0.8999999761581421
                ],
                "MaxAmplitude": [
                    0.09000000357627869
                ],
                "MinAmplitude": [
                    0.0
                ],
                "Sigma": [
                    2.0
                ],
                "Speed": [
                    0.4000000059604645
                ]
            },
            "Still": {
                "Center": [
                    0.0,
                    0.0,
                    0.0
                ],
                "Frequency": [
                    0.0
                ],
                "MaxAmplitude": [
                    0.05000000074505806
                ],
                "MinAmplitude": [
                    0.0
                ],
                "Sigma": [
                    0.0
                ],
                "Speed": [
                    0.0
                ]
            },
            "Violent": {
                "Center": [
                    0.0,
                    0.0,
                    0.0
                ],
                "Frequency": [
                    12.0
                ],
                "MaxAmplitude": [
                    0.0
                ],
                "MinAmplitude": [
                    0.0
                ],
                "Sigma": [
                    1.0
                ],
                "Speed": [
                    0.05000000074505806
                ]
            }
        }
    }
}