{
    "DefaultCamera": {
        "Position": [
            0.0,
            1.2000000476837158,
            -14.0
        ],
        "Rotation": [
            0.12999999523162842,
            0.0,
            0.0
        ]
    }
}