{
    "Blue": {
        "Position": [
            -0.21862339973449707,
            0.5,
            0.10540853440761566
        ],
        "Rotation": [
            0.0,
            0.0,
            0.0
        ],
        "Scale": [
            1.0,
            1.0,
            1.0
        ]
    },
    "EnvironmentLight": {
        "Ambient": [
            0.7303921580314636,
            0.7303921580314636,
            0.7303921580314636,
            1.0
        ],
        "Diffuse": [
            1.0,
            1.0,
            1.0,
            1.0
        ],
        "Direction": [
            0.0,
            0.0,
            0.0
        ],
        "Position": [
            7.0,
            10.0,
            0.5
        ]
    },
    "Pot": {
        "Position": [
            0.0,
            0.0,
            0.0
        ],
        "Rotation": [
            0.0,
            0.0,
            0.0
        ],
        "Scale": [
            8.0,
            8.0,
            8.0
        ]
    },
    "ScenePotionWater": {
        "Duration": [
            4.304999828338623
        ],
        "Material": {
            "Ambient": [
                0.800000011920929,
                0.800000011920929,
                0.800000011920929,
                1.0
            ],
            "Diffuse": [
                1.2999999523162842,
                0.30000001192092896,
                1.2999999523162842,
                2.299999952316284
            ],
            "Emission": [
                0.0,
                0.0,
                0.0,
                1.0
            ],
            "Specular": [
                0.800000011920929,
                0.800000011920929,
                0.800000011920929,
                32.0
            ]
        },
        "Position": [
            0.0,
            1.2000000476837158,
            0.0
        ],
        "Rotation": [
            0.0,
            0.0,
            0.0
        ],
        "Scale": [
            3.200000047683716,
            1.0,
            3.200000047683716
        ],
        "WaterParam": {
            "Boiling": {
                "Center": [
                    0.0,
                    0.0,
                    0.0
                ],
                "Frequency": [
                    9.0
                ],
                "MaxAmplitude": [
                    0.10000000149011612
                ],
                "MinAmplitude": [
                    0.0
                ],
                "Sigma": [
                    2.0
                ],
                "Speed": [
                    0.07000000029802322
                ]
            },
            "Rippling": {
                "Center": [
                    0.0,
                    0.0,
                    0.0
                ],
                "Frequency": [
                    5.300000190734863
                ],
                "MaxAmplitude": [
                    0.20000000298023224
                ],
                "MinAmplitude": [
                    0.0
                ],
                "Sigma": [
                    1.899999976158142
                ],
                "Speed": [
                    0.019999999552965164
                ]
            },
            "Still": {
                "Center": [
                    0.0,
                    0.0,
                    0.0
                ],
                "Frequency": [
                    0.0
                ],
                "MaxAmplitude": [
                    0.05000000074505806
                ],
                "MinAmplitude": [
                    0.0
                ],
                "Sigma": [
                    0.0
                ],
                "Speed": [
                    0.0
                ]
            },
            "Violent": {
                "Center": [
                    0.0,
                    0.0,
                    0.0
                ],
                "Frequency": [
                    12.0
                ],
                "MaxAmplitude": [
                    0.0
                ],
                "MinAmplitude": [
                    0.0
                ],
                "Sigma": [
                    1.0
                ],
                "Speed": [
                    0.05000000074505806
                ]
            }
        }
    },
    "Table": {
        "Position": [
            0.0,
            -5.0,
            0.0
        ],
        "Rotation": [
            0.0,
            0.0,
            0.0
        ],
        "Scale": [
            40.0,
            1.0,
            40.0
        ]
    }
}