{
    "CandleLight": {
        "Ambient": [
            1.0,
            1.0,
            1.0,
            1.0
        ],
        "Attenuation": [
            0.6000000238418579,
            0.0,
            0.0
        ],
        "CastHeight": [
            3.0
        ],
        "Diffuse": [
            1.0,
            1.0,
            1.0,
            1.0
        ],
        "Direction": [
            0.0,
            1.0,
            0.0
        ],
        "Position": [
            0.0,
            6.0,
            0.0
        ],
        "Range": [
            40.0
        ]
    },
    "ScenePotionWater": {
        "Duration": [
            4.741000175476074
        ],
        "Material": {
            "Ambient": [
                0.800000011920929,
                0.800000011920929,
                0.800000011920929,
                1.0
            ],
            "Diffuse": [
                0.0,
                0.7637531757354736,
                1.0,
                0.4000000059604645
            ],
            "Emission": [
                0.0,
                0.0,
                0.0,
                1.0
            ],
            "Specular": [
                0.800000011920929,
                0.800000011920929,
                0.800000011920929,
                32.0
            ]
        },
        "Position": [
            0.0,
            0.0,
            0.0
        ],
        "Rotation": [
            0.0,
            0.0,
            0.0
        ],
        "Scale": [
            28.0,
            1.0,
            28.0
        ],
        "WaterParam": {
            "Boiling": {
                "Center": [
                    0.0,
                    0.0,
                    0.0
                ],
                "Frequency": [
                    9.0
                ],
                "MaxAmplitude": [
                    0.10000000149011612
                ],
                "MinAmplitude": [
                    0.0
                ],
                "Sigma": [
                    2.0
                ],
                "Speed": [
                    0.07000000029802322
                ]
            },
            "Rippling": {
                "Center": [
                    0.0,
                    0.0,
                    0.0
                ],
                "Frequency": [
                    1.0
                ],
                "MaxAmplitude": [
                    0.23999999463558197
                ],
                "MinAmplitude": [
                    0.0
                ],
                "Sigma": [
                    25.0
                ],
                "Speed": [
                    5.0
                ]
            },
            "Still": {
                "Center": [
                    0.0,
                    0.0,
                    0.0
                ],
                "Frequency": [
                    0.0
                ],
                "MaxAmplitude": [
                    0.05000000074505806
                ],
                "MinAmplitude": [
                    0.0
                ],
                "Sigma": [
                    0.0
                ],
                "Speed": [
                    0.0
                ]
            },
            "Violent": {
                "Center": [
                    0.0,
                    0.0,
                    0.0
                ],
                "Frequency": [
                    12.0
                ],
                "MaxAmplitude": [
                    0.0
                ],
                "MinAmplitude": [
                    0.0
                ],
                "Sigma": [
                    1.0
                ],
                "Speed": [
                    0.05000000074505806
                ]
            }
        }
    },
    "uiExit": {
        "AnchorAlign": [
            4
        ],
        "AnchorPosition": [
            0.0,
            -375.0
        ],
        "ContainerSize": [
            350.0,
            100.0
        ],
        "Context": "EXIT",
        "FontBlockWidth": [
            350.0
        ],
        "FontColor": [
            1.0,
            1.0,
            1.0,
            1.0
        ],
        "FontSize": [
            25.0
        ],
        "IsUseText": [
            1
        ],
        "LineSpacing": [
            0.0
        ],
        "Material": {
            "Ambient": [
                0.8500000238418579,
                0.8500000238418579,
                0.8500000238418579,
                1.0
            ],
            "Diffuse": [
                0.0,
                0.0,
                1.0,
                1.0
            ],
            "Emission": [
                0.0,
                0.0,
                0.0,
                0.0
            ],
            "Specular": [
                1.0,
                0.5,
                0.5,
                0.20000000298023224
            ]
        },
        "Outline": [
            7.0
        ],
        "OutlineColor": [
            1.0,
            1.0,
            1.0,
            1.0
        ],
        "Padding": [
            0.0,
            0.0,
            0.0,
            0.0
        ],
        "Position": [
            0.0,
            -375.0,
            0.8999999761581421
        ],
        "Rotation": [
            0.0,
            0.0,
            0.0
        ],
        "TextAlign": [
            1
        ]
    },
    "uiOption": {
        "AnchorAlign": [
            4
        ],
        "AnchorPosition": [
            0.0,
            -225.0
        ],
        "ContainerSize": [
            350.0,
            100.0
        ],
        "Context": "OPTION",
        "FontBlockWidth": [
            350.0
        ],
        "FontColor": [
            1.0,
            1.0,
            1.0,
            1.0
        ],
        "FontSize": [
            25.0
        ],
        "IsUseText": [
            1
        ],
        "LineSpacing": [
            0.0
        ],
        "Material": {
            "Ambient": [
                0.8500000238418579,
                0.8500000238418579,
                0.8500000238418579,
                1.0
            ],
            "Diffuse": [
                0.9656862616539001,
                0.9656862616539001,
                0.004733741283416748,
                1.0
            ],
            "Emission": [
                0.0,
                0.0,
                0.0,
                0.0
            ],
            "Specular": [
                1.0,
                0.5,
                0.5,
                0.20000000298023224
            ]
        },
        "Outline": [
            7.0
        ],
        "OutlineColor": [
            1.0,
            1.0,
            1.0,
            1.0
        ],
        "Padding": [
            0.0,
            0.0,
            0.0,
            0.0
        ],
        "Position": [
            0.0,
            -225.0,
            0.8999999761581421
        ],
        "Rotation": [
            0.0,
            0.0,
            0.0
        ],
        "TextAlign": [
            1
        ]
    },
    "uiStart": {
        "AnchorAlign": [
            4
        ],
        "AnchorPosition": [
            0.0,
            -74.0
        ],
        "ContainerSize": [
            350.0,
            100.0
        ],
        "Context": "START",
        "FontBlockWidth": [
            350.0
        ],
        "FontColor": [
            1.0,
            1.0,
            1.0,
            1.0
        ],
        "FontSize": [
            25.0
        ],
        "IsUseText": [
            1
        ],
        "LineSpacing": [
            0.0
        ],
        "Material": {
            "Ambient": [
                0.8500000238418579,
                0.8500000238418579,
                0.8500000238418579,
                1.0
            ],
            "Diffuse": [
                1.0,
                0.0,
                0.0,
                1.0
            ],