{
    "DefaultCamera": {
        "Position": [
            0.6481468081474304,
            2.4956109523773193,
            0.15237979590892792
        ],
        "Rotation": [
            0.24026629328727722,
            1.6446106433868408,
            7.440802960445581e-07
        ]
    }
}