{
    "Bottle": {
        "Position": [
            4.0,
            0.0,
            3.0
        ],
        "Scale": [
            7.0,
            7.0,
            7.0
        ]
    },
    "Candle1": {
        "Position": [
            7.0,
            0.0,
            3.0
        ],
        "Scale": [
            10.0,
            8.0,
            10.0
        ]
    },
    "Candle2": {
        "Position": [
            6.5,
            0.0,
            3.5
        ],
        "Scale": [
            10.0,
            4.0,
            10.0
        ]
    },
    "Candle3": {
        "Position": [
            7.5,
            0.0,
            4.0
        ],
        "Scale": [
            10.0,
            10.0,
            10.0
        ]
    },
    "EnvironmentLight": {
        "Ambient": [
            1.0,
            1.0,
            1.0,
            1.0
        ],
        "Direction": [
            0.0,
            0.0,
            0.0
        ],
        "Position": [
            0.0,
            10.0,
            5.0
        ]
    },
    "FryingStand": {
        "Position": [
            0.0,
            0.0,
            0.0
        ],
        "Scale": [
            5.0,
            5.0,
            5.0
        ]
    },
    "Jug": {
        "Position": [
            -6.0,
            0.0,
            4.0
        ],
        "Scale": [
            12.0,
            12.0,
            12.0
        ]
    },
    "Pot": {
        "Position": [
            0.0,
            0.8999999761581421,
            0.0
        ],
        "Scale": [
            7.0,
            7.0,
            7.0
        ]
    },
    "water": {
        "Amplitude": [
            0.0860000029206276
        ],
        "Center": [
            0.14100000262260437,
            0.0,
            0.07999999821186066
        ],
        "Frequency": [
            2.2760000228881836
        ],
        "Material": {
            "Ambient": [
                0.800000011920929,
                0.800000011920929,
                0.800000011920929,
                1.0
            ],
            "Diffuse": [
                1.0,
                1.0,
                1.0,
                0.30000001192092896
            ],
            "Emission": [
                0.0,
                0.0,
                0.0,
                1.0
            ],
            "Specular": [
                0.800000011920929,
                0.800000011920929,
                0.800000011920929,
                32.0
            ]
        },
        "Position": [
            0.0,
            1.75,
            0.0
        ],
        "Rotation": [
            0.0,
            0.0,
            0.0
        ],
        "Scale": [
            3.0,
            1.0,
            3.0
        ],
        "Sigma": [
            0.8309999704360962
        ],
        "Speed": [
            0.23800000548362732
        ]
    }
}