{
    "GoldBar": {
        "AnchorAlign": [
            2
        ],
        "AnchorPosition": [
            930.0,
            490.0
        ],
        "ContainerSize": [
            300.0,
            200.0
        ],
        "Context": "1000",
        "FontBlockWidth": [
            300.0
        ],
        "FontColor": [
            0.9411765336990356,
            1.0,
            0.0,
            1.0
        ],
        "FontSize": [
            30.0
        ],
        "IsUseText": [
            1
        ],
        "LineSpacing": [
            0.0
        ],
        "Material": {
            "Ambient": [
                1.0,
                1.0,
                1.0,
                1.0
            ],
            "Diffuse": [
                1.0,
                1.0,
                1.0,
                0.0
            ],
            "Emission": [
                0.0,
                0.0,
                0.0,
                0.0
            ],
            "Specular": [
                1.0,
                0.5,
                0.5,
                0.20000000298023224
            ]
        },
        "Padding": [
            0.0,
            0.0,
            0.0,
            0.0
        ],
        "Position": [
            780.0,
            390.0,
            0.8999999761581421
        ],
        "Rotation": [
            0.0,
            0.0,
            0.0
        ],
        "TextAlign": [
            2
        ],
        "Outline": [
           0.0
        ],
        "OutlineColor": [
            1.0,
            1.0,
            1.0,
            1.0
        ]
    }
}